Cidade,Populacao_2010,Populacao_2021,Microrregioes,Mesorregioes,PIB_2010,PIB_2019,PIB_per_capita_2010,PIB_per_capita_2019,IDH_1991,IDH_2000,IDH_2010
Porto Alegre,1450555,1492530,Porto Alegre,Metropolitana,42724992.0,82431477.59,30302.72,55555.39,0.66,0.744,0.805
Caxias do Sul,437889,523716,Caxias do Sul,Nordeste,16471201.0,27013569.55,37822.92,52873.85,0.594,0.705,0.782
Canoas,323827,349728,Porto Alegre,Metropolitana,12718014.0,20630280.14,39250.1,59519.12,0.556,0.665,0.75
Pelotas,328275,343826,Pelotas,Sudeste,4227940.0,9445912.82,12898.79,27586.96,0.558,0.66,0.739
Gravataí,255660,285564,Porto Alegre,Metropolitana,7295813.0,12396458.37,28525.79,44034.18,0.54,0.661,0.736
Santa Maria,268450,285159,Santa Maria,Centro Ocidental,4006384.0,8766854.55,15348.54,31074.58,0.609,0.715,0.784
Viamão,239384,257330,Porto Alegre,Metropolitana,1948820.0,4040356.74,8146.08,15830.63,0.511,0.62,0.717
Novo Hamburgo,239051,247303,Porto Alegre,Metropolitana,5536880.0,9769394.05,23161.92,39592.6,0.544,0.671,0.747
São Leopoldo,214210,240378,Porto Alegre,Metropolitana,4455336.0,10122382.39,20798.92,42740.23,0.543,0.656,0.739
Rio Grande,197253,212881,Litoral Lagunar,Sudeste,5143121.0,10687203.88,26073.73,50649.06,0.527,0.652,0.744
Alvorada,195718,212352,Porto Alegre,Metropolitana,1360732.0,2843520.12,6952.51,13520.93,0.472,0.582,0.699
Passo Fundo,184826,206103,Passo Fundo,Noroeste,3903722.0,9829386.24,21116.15,48355.12,0.589,0.701,0.776
Sapucaia do Sul,130957,142508,Porto Alegre,Metropolitana,2242808.0,3538476.8,17122.24,25082.24,0.513,0.633,0.726
Santa Cruz do Sul,118287,132271,Santa Cruz do Sul,Centro Oriental,4176628.0,9831717.94,35309.28,75387.36,0.561,0.682,0.773
Cachoeirinha,118278,132144,Porto Alegre,Metropolitana,4248239.0,5687259.92,35912.55,43649.77,0.546,0.672,0.757
Uruguaiana,125507,126766,Campanha Ocidental,Sudoeste,1518547.0,2885238.75,12099.3,22723.78,0.55,0.663,0.744
Bento Gonçalves,107341,123090,Caxias do Sul,Nordeste,3508007.0,6349889.81,32680.96,52716.31,0.612,0.712,0.778
Bagé,116792,121518,Campanha Meridional,Sudoeste,1288068.0,3154210.56,11028.73,26037.08,0.561,0.659,0.74
Erechim,96087,107368,Erechim,Noroeste,2397415.0,5303198.5,24945.79,50095.39,0.578,0.696,0.776
Guaíba,94230,98331,Porto Alegre,Metropolitana,2910560.0,6438870.93,30563.48,65607.03,0.522,0.654,0.73
Lajeado,71481,86005,Lajeado-Estrela,Centro Oriental,2118848.0,4672562.59,29642.12,55616.48,0.598,0.715,0.778
Ijuí,78920,84041,Ijuí,Noroeste,1627125.0,3777974.6,20617.4,45258.76,0.553,0.683,0.781
Esteio,80669,83352,Porto Alegre,Metropolitana,2096486.0,3436739.01,25988.74,41305.97,0.589,0.693,0.754
Cachoeira do Sul,83827,81552,Cachoeira do Sul,Centro Oriental,1222148.0,2414633.64,14579.4,29374.75,0.546,0.661,0.742
Sapiranga,75020,80514,Porto Alegre,Metropolitana,1571774.0,3500606.94,20951.41,42829.26,0.463,0.597,0.711
Santo Ângelo,76304,77544,Santo Ângelo,Noroeste,1203996.0,2828429.28,15778.93,36452.12,0.568,0.685,0.772
Santana do Livramento,82513,75647,Campanha Central,Sudoeste,,,,,,,
Santa Rosa,68587,73882,Santa Rosa,Noroeste,1486462.0,3191247.97,21670.12,43564.15,0.555,0.685,0.769
Farroupilha,63635,73758,Caxias do Sul,Nordeste,1853766.0,3562093.48,29128.49,49247.12,0.56,0.691,0.777
Alegrete,77673,72493,Campanha Ocidental,Sudoeste,1064425.0,2138004.29,13703.92,29053.31,0.524,0.641,0.74
Venâncio Aires,65964,72373,Santa Cruz do Sul,Centro Oriental,1722109.0,3464550.47,26106.8,48418.68,0.477,0.61,0.712
Campo Bom,60081,69981,Porto Alegre,Metropolitana,1754045.0,3202490.1,29194.68,48004.71,0.517,0.669,0.745
Vacaria,61345,66916,Vacaria,Nordeste,1214765.0,2458674.37,19802.18,37130.0,0.535,0.641,0.721
Camaquã,62759,66686,Camaquã,Metropolitana,1034395.0,2181297.68,16482.02,32919.78,0.469,0.609,0.697
Montenegro,59436,66157,Montenegro,Metropolitana,1840974.0,3926465.41,30974.06,60162.81,0.543,0.668,0.755
Carazinho,59301,62413,Carazinho,Noroeste,1157959.0,3150493.96,19526.8,50724.42,0.562,0.678,0.766
São Gabriel,60508,62187,Campanha Central,Sudoeste,996980.0,1802684.11,16476.83,29026.39,0.518,0.624,0.699
São Borja,61671,59768,Campanha Ocidental,Sudoeste,982265.0,1935768.02,15929.82,32111.87,0.54,0.637,0.736
Cruz Alta,62615,59561,Cruz Alta,Noroeste,1426496.0,3790617.77,22705.86,62863.69,0.559,0.679,0.75
Parobé,51481,59419,Porto Alegre,Metropolitana,729607.0,1350777.15,14172.35,23180.55,0.444,0.6,0.704
Taquara,54656,57740,Gramado-Canela,Metropolitana,774211.0,1430833.01,14165.17,24898.78,0.537,0.651,0.727
Canguçu,53268,56370,Pelotas,Sudeste,478822.0,1297954.9,8988.92,23159.16,0.381,0.516,0.65
Capão da Canoa,42047,55009,Osório,Metropolitana,653655.0,1609057.68,15545.82,30331.54,0.526,0.639,0.743
Tramandaí,41655,53507,Osório,Metropolitana,485428.0,1107333.0,11653.52,21412.22,0.504,0.633,0.719
Estância Velha,42589,51292,Porto Alegre,Metropolitana,890155.0,1543388.35,20901.06,30854.19,0.537,0.674,0.757
Santiago,49082,49298,Santiago,Centro Ocidental,547609.0,1588387.33,11157.03,32137.33,0.559,0.696,0.766
Osório,40941,46815,Osório,Metropolitana,1239025.0,1693872.59,30263.66,36828.12,0.565,0.671,0.751
Canela,39238,45957,Gramado-Canela,Metropolitana,508128.0,1256118.47,12949.91,27914.98,0.494,0.638,0.748
Marau,36383,45523,Passo Fundo,Noroeste,1103374.0,2221530.65,30326.63,50305.26,0.542,0.678,0.774
Panambi,38068,44583,Ijuí,Noroeste,1100161.0,2236145.65,28899.89,51209.05,0.537,0.688,0.761
São Lourenço do Sul,43114,43501,Pelotas,Sudeste,485235.0,1266139.29,11254.69,29051.89,0.469,0.589,0.687
Santo Antônio da Patrulha,39679,43397,Osório,Metropolitana,573106.0,1441182.42,14443.56,33598.69,0.508,0.62,0.717
Eldorado do Sul,34335,42490,Porto Alegre,Metropolitana,682532.0,2179267.63,19878.6,52785.94,0.48,0.62,0.717
Charqueadas,35363,41705,São Jerônimo,Metropolitana,885720.0,1376933.22,25046.53,33757.46,0.551,0.649,0.747
Torres,34646,39381,Osório,Metropolitana,505242.0,1265562.89,14582.99,32674.87,0.538,0.681,0.762
Rosário do Sul,39751,39210,Campanha Central,Sudoeste,521125.0,929896.65,13109.73,23588.27,0.496,0.616,0.699
Rio Pardo,37602,38257,Cachoeira do Sul,Centro Oriental,439146.0,977676.43,11678.78,25543.47,0.482,0.609,0.693
Dom Pedrito,38916,38222,Campanha Meridional,Sudoeste,622455.0,1345518.43,15994.83,34983.97,0.515,0.621,0.708
Portão,30881,38081,Montenegro,Metropolitana,761657.0,1265142.54,24664.26,34120.19,0.453,0.618,0.713
Igrejinha,31663,37754,Gramado-Canela,Metropolitana,1020677.0,1947198.0,32235.64,52771.02,0.481,0.603,0.721
Itaqui,38166,37363,Campanha Ocidental,Sudoeste,685710.0,1400822.71,17966.51,37236.12,0.504,0.63,0.713
Gramado,32300,36864,Gramado-Canela,Metropolitana,904020.0,2257904.46,27988.22,62317.96,0.546,0.698,0.764
Garibaldi,30692,35794,Caxias do Sul,Nordeste,1013878.0,2383541.24,33033.96,67965.25,0.575,0.712,0.786
Estrela,30628,34669,Lajeado-Estrela,Centro Oriental,854165.0,1643503.97,27888.36,48173.99,0.564,0.676,0.767
Teutônia,27265,34275,Lajeado Estrela,Centro Oriental,697408.0,1532249.28,25578.89,46107.65,0.535,0.664,0.747
Dois Irmãos,27572,33547,Gramado-Canela,Metropolitana,947058.0,2089234.45,34348.55,63947.67,0.535,0.676,0.743
Caçapava do Sul,33700,33476,Serras de Sudeste,Sudeste,406800.0,864995.69,12071.22,25725.54,0.494,0.599,0.704
São Luiz Gonzaga,34558,33124,Santo Ângelo,Noroeste,522978.0,1429921.95,15133.33,42725.05,0.52,0.634,0.741
Palmeira das Missões,34328,32967,Carazinho,Noroeste,642628.0,1488542.88,18716.4,44696.96,0.5,0.635,0.737
Frederico Westphalen,28848,31675,Frederico Westphalen,Noroeste,620513.0,1232871.29,21509.75,39372.51,0.536,0.683,0.76
Candelária,30176,31475,Santa Cruz do Sul,Centro Oriental,383562.0,849669.53,12710.84,27089.73,0.428,0.561,0.674
Flores da Cunha,27135,31352,Caxias do Sul,Nordeste,746720.0,1854236.98,27518.71,60310.2,0.523,0.674,0.754
Soledade,30065,31067,Soledade,Noroeste,363255.0,945727.65,12082.31,30505.38,0.522,0.633,0.731
Carlos Barbosa,25193,30630,Caxias do Sul,Nordeste,1010717.0,2773584.94,40118.94,92970.37,0.553,0.724,0.796
Nova Santa Rita,22706,30482,Porto Alegre,Metropolitana,524361.0,1815678.09,23093.49,61968.54,0.455,0.609,0.718
Triunfo,25811,30159,São Jerônimo,Metropolitana,5670541.0,8372534.89,219694.74,283449.62,0.492,0.628,0.733
Santa Vitória do Palmar,31002,29298,Litoral Lagunar,Sudeste,450869.0,1248170.22,14543.23,42059.92,0.501,0.626,0.712
Três Coroas,23855,28948,Gramado-Canela,Metropolitana,720061.0,894292.21,30184.89,31690.01,0.478,0.61,0.71
Nova Prata,22830,28021,Guaporé,Nordeste,691969.0,1304095.58,30309.64,47844.43,0.586,0.689,0.766
São José do Norte,25523,27866,Litoral Lagunar,Sudeste,205442.0,424082.59,8049.29,15383.15,0.36,0.481,0.623
Lagoa Vermelha,27529,27751,Vacaria,Nordeste,548331.0,1145823.69,19918.31,41206.3,0.52,0.65,0.738
Vera Cruz,23986,27325,Santa Cruz do Sul,Centro Oriental,388823.0,700594.94,16210.43,26080.29,0.456,0.582,0.737
Taquari,26138,26907,Lajeado-Estrela,Centro Oriental,424905.0,827471.18,16258.1,30804.53,0.498,0.641,0.733
Veranópolis,22815,26813,Caxias do Sul,Nordeste,612325.0,1548836.19,26838.68,59023.52,0.6,0.702,0.773
Jaguarão,27942,26327,Jaguarão,Sudeste,328128.0,704574.59,11743.2,26408.34,0.512,0.62,0.707
Guaporé,22810,26199,Guaporé,Nordeste,426315.0,949265.81,18689.81,36897.65,0.553,0.67,0.765
São Sebastião do Caí,21944,26161,Montenegro,Metropolitana,389760.0,718205.45,17761.59,27962.06,0.552,0.662,0.739
Encruzilhada do Sul,24537,26039,Serras de Sudeste,Sudeste,224790.0,604809.22,9161.27,23372.46,0.431,0.551,0.657
Capão do Leão,24294,25462,Pelotas,Sudeste,272056.0,550615.38,11198.47,21717.1,0.413,0.542,0.637
Ivoti,19877,25068,Gramado-Canela,Metropolitana,507997.0,990156.18,25557.03,40758.91,0.551,0.697,0.784
Sarandi,22623,25024,Carazinho,Noroeste,449684.0,1002035.41,21100.02,40917.78,0.535,0.677,0.777
Tapejara,19252,24973,Passo Fundo,Noroeste,429588.0,1240738.26,22313.95,51459.43,0.49,0.66,0.76
São Jerônimo,22141,24569,São Jerônimo,Metropolitana,346806.0,610370.41,15663.51,25171.99,0.478,0.609,0.696
Tupanciretã,22286,24182,Santiago,Centro Ocidental,535175.0,1207656.6,24013.94,50428.29,0.512,0.612,0.709
Três de Maio,23726,23846,Santa Rosa,Noroeste,408324.0,1110401.86,17209.97,46448.67,0.533,0.655,0.759
Três Passos,23973,23799,Três Passos,Noroeste,380637.0,919377.9,15877.75,38458.04,0.523,0.686,0.768
Imbé,17667,23721,Osório,Metropolitana,251066.0,508391.53,14211.0,22297.87,0.547,0.677,0.764
São Sepé,23798,23492,Santa Maria,Centro Ocidental,328887.0,903329.14,13819.94,38242.63,0.506,0.614,0.708
Encantado,20514,23047,Lajeado-Estrela,Centro Oriental,438226.0,951619.08,21362.31,41910.47,0.603,0.7,0.767
Quaraí,23021,22531,Campanha Ocidental,Sudoeste,241715.0,480145.43,10499.74,21163.9,0.542,0.63,0.704
Nova Hartz,18346,22147,Porto Alegre,Metropolitana,580508.0,686481.37,31642.2,31759.49,0.436,0.578,0.689
São Francisco de Paula,20570,21871,Vacaria,Nordeste,326081.0,724559.84,15875.41,33374.47,0.464,0.592,0.685
São Marcos,20105,21756,Caxias do Sul,Nordeste,408329.0,999315.02,20309.84,46359.02,0.555,0.695,0.768
Nova Petrópolis,19058,21717,Gramado-Canela,Metropolitana,401985.0,855127.07,21092.7,40047.16,0.589,0.697,0.78
Rolante,19493,21591,Gramado-Canela,Metropolitana,297375.0,653522.39,15255.5,30611.38,0.444,0.595,0.688
Arroio do Meio,18783,21121,Lajeado-Estrela,Centro Oriental,515080.0,1252121.3,27422.65,60183.67,0.557,0.69,0.769
Butiá,20555,20963,São Jerônimo,Metropolitana,260633.0,473596.75,12773.0,22615.77,0.455,0.579,0.689
Piratini,19831,20743,Serras de Sudeste,Sudeste,182158.0,482343.06,9185.51,23343.32,0.408,0.55,0.658
Ibirubá,19312,20474,Cruz Alta,Noroeste,505811.0,1128536.56,26191.53,55456.34,0.511,0.674,0.765
Horizontina,18350,19446,Três Passos,Noroeste,892861.0,1741205.49,48657.28,90082.54,0.568,0.725,0.783
Júlio de Castilhos,19579,19159,Santiago,Centro Ocidental,409433.0,1231774.87,20911.86,63845.69,0.542,0.626,0.716
Arroio Grande,18469,18185,Jaguarão,Sudeste,298335.0,542527.75,16153.27,29657.67,0.484,0.588,0.657
São Francisco de Assis,19258,18081,Campanha Ocidental,Sudoeste,188821.0,469988.45,9804.83,25633.4,0.445,0.558,0.675
Serafina Corrêa,14243,18074,Guaporé,Nordeste,364123.0,669491.13,25565.06,38252.26,0.561,0.678,0.76
Não-Me-Toque,15938,17886,Não-Me-Toque,Noroeste,618498.0,1366462.14,38806.52,77534.17,0.572,0.692,0.765
Tapes,16649,17363,Camaquã,Metropolitana,206604.0,369424.07,12409.4,21353.99,0.498,0.619,0.695
Xangri-lá,12405,17126,Osório,Metropolitana,207981.0,554245.8,16765.92,33779.0,0.502,0.642,0.735
Cidreira,12654,16897,Osório,Metropolitana,134801.0,308044.56,10652.87,18951.92,0.466,0.64,0.729
Sananduva,15373,16382,Sananduva,Noroeste,278521.0,640589.49,18117.58,39372.43,0.513,0.66,0.747
Agudo,16729,16344,Restinga Seca,Centro Ocidental,245071.0,536911.8,14649.46,32617.2,0.449,0.593,0.694
Getúlio Vargas,16156,16158,Erechim,Noroeste,291020.0,637794.07,18013.12,39340.86,0.532,0.665,0.746
São Pedro do Sul,16371,16100,Santa Maria,Centro Ocidental,182866.0,393973.14,11170.14,24322.33,0.476,0.614,0.709
Giruá,17085,15729,Santo Ângelo,Noroeste,377335.0,806585.21,22085.78,50398.98,0.479,0.626,0.721
Restinga Seca,15850,15702,Restinga Seca,Centro Ocidental,,,,,,,
Espumoso,15240,15594,Cruz Alta,Noroeste,292440.0,718625.0,19188.99,46101.17,0.519,0.653,0.765
Dom Feliciano,14380,15556,Camaquã,Metropolitana,142957.0,292675.31,9941.36,18987.63,0.318,0.47,0.587
Sobradinho,14285,15041,Santa Cruz do Sul,Centro Oriental,218756.0,383785.28,15313.68,25642.1,0.538,0.65,0.743
Balneário Pinhal,10855,14645,Osório,Metropolitana,101172.0,241010.94,9320.28,17131.86,0.44,0.618,0.696
Bom Princípio,11792,14446,Montenegro,Metropolitana,255594.0,713326.35,21675.19,50752.5,0.52,0.67,0.746
Cerro Largo,13289,14243,Cerro Largo,Noroeste,382028.0,774031.22,28747.67,54767.65,0.541,0.664,0.764
Arroio dos Ratos,13608,14201,São Jerônimo,Metropolitana,111366.0,268587.25,8183.88,18980.09,0.468,0.61,0.698
Santo Cristo,14378,14177,Santa Rosa,Noroeste,274500.0,598101.31,19091.7,41951.41,0.503,0.642,0.738
Santo Augusto,13970,13813,Ijuí,Noroeste,244638.0,557340.05,17511.7,40139.72,0.48,0.627,0.739
Feliz,12359,13728,Montenegro,Metropolitana,230756.0,464540.28,18671.1,34291.01,0.563,0.659,0.75
Barra do Ribeiro,12568,13618,Camaquã,Metropolitana,167618.0,333627.87,13336.85,24729.66,0.479,0.619,0.67
Arroio do Tigre,12648,13452,Santa Cruz do Sul,Centro Oriental,187777.0,331075.68,14846.36,24757.02,0.433,0.568,0.707
Tenente Portela,13716,13385,Três Passos,Noroeste,163289.0,482822.31,11904.99,35804.4,0.48,0.607,0.708
Crissiumal,14085,13269,Três Passos,Noroeste,191328.0,377104.78,13583.8,28041.7,0.469,0.589,0.712
Antônio Prado,12837,13041,Caxias do Sul,Nordeste,250585.0,658585.69,19520.51,50466.34,0.543,0.683,0.758
Mostardas,12130,12888,Osório,Metropolitana,200168.0,407506.4,16501.89,31826.49,0.439,0.571,0.664
Cerro Grande do Sul,10280,12579,Camaquã,Metropolitana,88898.0,183456.63,8647.67,14989.51,0.371,0.513,0.66
Salto do Jacuí,11880,12512,Cruz Alta,Noroeste,438446.0,887671.76,36906.2,71304.66,0.459,0.589,0.687
Cruzeiro do Sul,12331,12457,Lajeado-Estrela,Centro Oriental,157715.0,394504.86,12790.15,31948.89,0.506,0.637,0.723
Bom Retiro do Sul,11472,12448,Lajeado-Estrela,Centro Oriental,154180.0,316612.45,13439.7,25682.39,0.501,0.639,0.739
Cacequi,13685,12291,Santa Maria,Centro Ocidental,157588.0,338948.22,11515.36,26984.17,0.491,0.58,0.7
Capela de Santana,11613,12183,Montenegro,Metropolitana,102902.0,227408.94,8860.97,19045.97,0.416,0.534,0.661
Pinheiro Machado,12787,12122,Serras de Sudeste,Sudeste,160692.0,305698.56,12566.8,24912.28,0.425,0.584,0.661
Vale do Sol,11077,11873,Santa Cruz do Sul,Centro Oriental,210211.0,239452.01,18977.22,20325.27,0.335,0.496,0.624
Redentora,10222,11782,Três Passos,Noroeste,68468.0,177793.76,6698.09,15394.73,0.35,0.464,0.631
Nonoai,12076,11574,Frederico Westphalen,Noroeste,185121.0,399575.13,15329.65,34166.32,0.442,0.584,0.702
Roca Sales,10228,11556,Lajeado-Estrela,Centro Oriental,203690.0,481199.36,19800.69,42236.4,0.51,0.627,0.729
Palmares do Sul,10971,11318,Osório,Metropolitana,178193.0,471590.81,16242.18,41667.33,0.498,0.609,0.715
Terra de Areia,9878,11323,Osório,Metropolitana,88774.0,242557.13,8987.05,21649.16,0.487,0.611,0.689
Bom Jesus,11556,11270,Vacaria,Nordeste,172919.0,445615.73,14963.59,39264.76,0.42,0.541,0.666
Três Cachoeiras,10239,11174,Osório,Metropolitana,115972.0,270754.87,11326.46,24496.05,0.509,0.638,0.718
Barros Cassal,11133,11167,Soledade,Noroeste,104410.0,202944.9,9378.46,18121.7,0.361,0.511,0.65
Jaguari,11478,10684,Santa Maria,Centro Ocidental,137335.0,265130.08,11965.08,24440.46,0.506,0.601,0.712
Seberi,10902,10678,Frederico Westphalen,Noroeste,152152.0,383296.67,13956.29,35655.5,0.406,0.597,0.723
Ronda Alta,10228,10633,Passo Fundo,Noroeste,155991.0,352132.05,15251.35,33216.87,0.457,0.619,0.724
Tapera,10452,10569,Não-Me-Toque,Noroeste,257340.0,481617.07,24621.14,45504.26,0.553,0.66,0.747
Arroio do Sal,7744,10483,Osório,Metropolitana,104248.0,245580.75,13461.76,24399.48,0.48,0.664,0.74
Arvorezinha,10229,10422,Guaporé,Nordeste,114539.0,257481.21,11197.44,24700.81,0.458,0.593,0.694
Fontoura Xavier,10712,10181,Soledade,Noroeste,100063.0,222479.18,9341.23,21591.54,0.331,0.504,0.661
Sinimbu,10067,10152,Santa Cruz do Sul,Centro Oriental,110719.0,210207.93,10998.23,20665.35,0.374,0.513,0.631
Porto Xavier,10560,10144,Cerro Largo,Noroeste,93760.0,184241.86,8878.79,17981.83,0.49,0.616,0.723
Nova Bassano,8840,10089,Guaporé,Nordeste,429210.0,598223.16,48553.13,60329.08,0.525,0.674,0.747
Planalto,10524,9957,Frederico Westphalen,Noroeste,98172.0,211750.22,9328.37,20998.63,0.444,0.587,0.687
Santo Antônio das Missões,11210,9930,Santo Ângelo,Noroeste,149619.0,416068.53,13346.92,40891.26,0.435,0.582,0.686
Constantina,9741,9903,Frederico Westphalen,Noroeste,133239.0,324561.16,13678.17,32747.57,0.488,0.63,0.754
Candiota,8776,9707,Serras de Sudeste,Sudeste,659547.0,649412.55,75153.51,67760.07,0.502,0.622,0.698
Chapada,9377,9211,Carazinho,Noroeste,223013.0,462559.29,23782.93,49903.9,0.49,0.642,0.757
Casca,8648,9070,Passo Fundo,Noroeste,214235.0,477705.98,24772.79,52896.24,0.531,0.688,0.785
Pantano Grande,9895,8995,Cachoeira do Sul,Centro Oriental,158235.0,391315.98,15991.38,42654.89,0.444,0.589,0.661
São Vicente do Sul,8440,8742,Santa Maria,Centro Ocidental,101807.0,260951.18,12062.46,29922.16,0.488,0.589,0.685
Catuípe,9323,8631,Santo Ângelo,Noroeste,151586.0,382494.5,16259.36,43594.08,0.542,0.635,0.739
Jóia,8329,8571,Cruz Alta,Noroeste,205159.0,503406.73,24631.89,58809.2,0.45,0.587,0.686
Paverama,8047,8541,Lajeado-Estrela,Centro Oriental,87373.0,189791.61,10857.84,22362.63,0.387,0.54,0.683
Caraá,7313,8426,Osório,Metropolitana,47902.0,119670.04,6550.23,14470.38,0.37,0.508,0.652
Entre-Ijuís,8938,8350,Santo Ângelo,Noroeste,140455.0,420708.85,15714.4,49641.16,0.473,0.589,0.68
General Câmara,8452,8339,São Jerônimo,Metropolitana,95970.0,221361.97,11354.67,26399.76,0.471,0.619,0.686
Glorinha,6885,8304,Porto Alegre,Metropolitana,291730.0,266839.18,42371.83,32951.24,0.424,0.587,0.714
Minas do Leão,7631,8130,São Jerônimo,Metropolitana,86219.0,198387.45,11298.47,24568.1,0.417,0.547,0.681
Cristal,7280,8121,Pelotas,Sudeste,91590.0,201516.43,12581.02,25161.25,0.433,0.537,0.644
Santana da Boa Vista,8244,8037,Serras de Sudeste,Sudeste,73889.0,209121.07,8962.82,25823.79,0.388,0.553,0.633
Salvador do Sul,6747,7975,Montenegro,Metropolitana,169695.0,282403.41,25151.22,36210.21,0.524,0.665,0.74
Santa Bárbara do Sul,8829,7813,Cruz Alta,Noroeste,263234.0,762260.94,29814.65,95354.13,0.541,0.653,0.725
Paraí,6812,7793,Guaporé,Nordeste,143527.0,315249.24,21069.78,41171.38,0.566,0.678,0.773
Tuparendi,8557,7730,Santa Rosa,Noroeste,137988.0,296942.55,16125.7,37621.0,0.495,0.642,0.728
São Miguel das Missões,7421,7692,Santo Ângelo,Noroeste,189716.0,521125.56,25564.8,67916.79,0.403,0.57,0.667
Boqueirão do Leão,7673,7691,Lajeado-Estrela,Centro Oriental,79804.0,136734.78,10400.66,17725.53,0.452,0.563,0.7
Pedro Osório,7811,7683,Pelotas,Sudeste,105593.0,164407.94,13508.18,21268.82,0.518,0.595,0.678
Paraíso do Sul,7336,7635,Cachoeira do Sul,Centro Oriental,80377.0,169460.77,10956.54,22265.24,0.441,0.557,0.676
Barão do Triunfo,7018,7550,São Jerônimo,Metropolitana,58348.0,143306.47,8314.07,19140.71,0.363,0.482,0.61
Segredo,7421,7465,Santa Cruz do Sul,Centro Oriental,73685.0,130003.79,10294.09,17518.37,0.394,0.53,0.659
Lavras do Sul,7669,7410,Campanha Meridional,Sudoeste,120060.0,249161.14,15655.21,33310.31,0.504,0.629,0.699
Ametista do Sul,7323,7396,Frederico Westphalen,Noroeste,52009.0,135199.0,7102.16,18247.94,0.392,0.539,0.682
Guarani das Missões,8115,7393,Cerro Largo,Noroeste,159411.0,288659.61,19644.01,38299.01,0.471,0.592,0.737
Manoel Viana,7074,7315,Campanha Ocidental,Sudoeste,100888.0,268162.13,14261.85,36739.57,0.41,0.543,0.655
Ibiraiaras,7262,7267,Passo Fundo,Noroeste,133081.0,278649.6,18547.94,38370.92,0.489,0.645,0.724
Coronel Bicaco,7748,7213,Ijuí,Noroeste,147487.0,302720.99,19035.54,41327.1,0.445,0.579,0.665
Amaral Ferrador,6355,7136,Serras de Sudeste,Sudeste,50626.0,120980.27,7966.37,17206.69,0.356,0.507,0.624
Palmitinho,6920,7056,Frederico Westphalen,Noroeste,79192.0,210406.41,11443.88,29815.28,0.413,0.615,0.72
Iraí,8078,7046,Frederico Westphalen,Noroeste,77345.0,206561.08,9574.76,28526.6,0.469,0.595,0.691
Ajuricaba,7255,6951,Ijuí,Noroeste,132823.0,301939.11,18307.8,42986.78,0.498,0.646,0.753
São José do Ouro,6906,6911,Sananduva,Noroeste,158343.0,290571.67,22928.34,41911.39,0.489,0.653,0.755
Hulha Negra,6048,6894,Campanha Meridional,Sudoeste,72553.0,196088.84,11996.12,28938.73,0.386,0.569,0.643
Chuí,5919,6832,Litoral Lagunar,Sudeste,77517.0,381741.17,13096.31,56942.3,0.539,0.654,0.706
Herval,6757,6807,Jaguarão,Sudeste,57418.0,140018.25,8497.53,20527.53,0.443,0.548,0.687
Condor,6552,6766,Ijuí,Noroeste,167682.0,372473.89,25592.43,55156.8,0.473,0.609,0.747
Santa Clara do Sul,5692,6755,Lajeado-Estrela,Centro Oriental,90470.0,296905.06,15894.23,44965.18,0.493,0.612,0.74
Roque Gonzales,7206,6750,Cerro Largo,Noroeste,79677.0,789559.45,11057.07,115314.66,0.448,0.567,0.688
Maquiné,6908,6747,Osório,Metropolitana,57593.0,139248.15,8337.1,20739.97,0.46,0.579,0.682
Ipê,6017,6736,Vacaria,Nordeste,109156.0,222989.33,18141.28,33582.73,0.503,0.615,0.728
Boa Vista do Buricá,6576,6712,Três Passos,Noroeste,102532.0,245849.36,15591.89,36628.33,0.535,0.669,0.762
Erval Seco,7878,6697,Frederico Westphalen,Noroeste,103634.0,229065.92,13154.91,33140.32,0.434,0.538,0.685
Faxinal do Soturno,6672,6651,Restinga Seca,Centro Ocidental,98132.0,218337.02,14708.0,32699.87,0.54,0.643,0.72
Barão de Cotegipe,6529,6616,Erechim,Noroeste,100064.0,244501.49,15326.14,36917.03,0.45,0.633,0.719
Passo do Sobrado,6011,6612,Cachoeira do Sul,Centro Oriental,91883.0,182566.03,15285.89,27936.65,0.483,0.601,0.698
Morro Redondo,6231,6609,Pelotas,Sudeste,60069.0,98355.91,9640.31,14975.02,0.437,0.572,0.702
Sertão Santana,5850,6586,Porto Alegre,Metropolitana,81311.0,281178.38,13899.33,43351.59,0.409,0.577,0.689
Morro Reuter,5680,6570,Gramado-Canela,Metropolitana,90962.0,210314.51,16014.44,32825.74,0.428,0.656,0.743
Formigueiro,6664,6569,Restinga Seca,Centro Ocidental,84747.0,200434.38,12082.54,30077.19,0.454,0.579,0.682
Augusto Pestana,7097,6545,Ijuí,Noroeste,140599.0,320661.29,19810.99,48140.11,0.502,0.635,0.743
Nova Palma,6345,6519,Restinga Seca,Centro Ocidental,112181.0,301496.48,17680.23,46298.6,0.51,0.659,0.744
Lagoão,6185,6469,Soledade,Noroeste,53269.0,113718.1,8612.55,17625.25,0.296,0.476,0.643
Cambará do Sul,6545,6383,Vacaria,Nordeste,105716.0,178808.83,16152.21,27804.2,0.476,0.564,0.697
Santa Maria do Herval,6053,6382,Gramado-Canela,Metropolitana,123943.0,207189.35,20476.37,32726.17,0.401,0.598,0.676
Progresso,6161,6235,Lajeado-Estrela,Centro Oriental,68682.0,130850.44,11147.87,20956.19,0.405,0.535,0.683
Barão,5742,6232,Montenegro,Metropolitana,111632.0,257317.29,19441.34,41697.83,0.456,0.622,0.748
Lindolfo Collor,5229,6193,Gramado-Canela,Metropolitana,158709.0,314663.34,30351.65,51976.11,0.427,0.54,0.712
Aratiba,6568,6145,Erechim,Noroeste,1091182.0,1004171.23,166136.14,161053.93,0.455,0.615,0.772
Bossoroca,6887,6135,Santo Ângelo,Noroeste,139996.0,324342.18,20327.56,51655.07,0.457,0.586,0.692
Cândido Godói,6535,6106,Santa Rosa,Noroeste,125680.0,242759.86,19231.89,39167.45,0.491,0.647,0.728
Independência,6618,6054,Santa Rosa,Noroeste,103774.0,280820.51,15680.57,45536.0,0.465,0.601,0.693
Vale Real,5121,6046,Montenegro,Metropolitana,58801.0,149377.43,11482.24,25262.54,0.451,0.604,0.737
Cerrito,6404,6005,Pelotas,Sudeste,52861.0,107555.3,8254.44,17658.07,0.415,0.574,0.649
Anta Gorda,6073,5941,Guaporé,Nordeste,89139.0,212258.18,14677.96,35488.74,0.486,0.642,0.74
Estação,6011,5924,Erechim,Noroeste,106867.0,284537.39,17778.63,47757.2,0.534,0.662,0.753
Alpestre,8027,5885,Frederico Westphalen,Noroeste,83489.0,536480.91,10401.0,85727.21,0.346,0.524,0.671
Rodeio Bonito,5743,5868,Frederico Westphalen,Noroeste,73328.0,195157.8,12768.23,33263.64,0.496,0.642,0.732
Araricá,4868,5840,Porto Alegre,Metropolitana,74628.0,193348.52,15330.39,33932.7,0.414,0.565,0.679
Passa-Sete,5159,5790,Santa Cruz do Sul,Centro Oriental,,,,,,,
Trindade do Sul,5802,5781,Frederico Westphalen,Noroeste,75700.0,210791.69,13081.02,36330.87,0.378,0.561,0.687
Picada Café,5182,5780,Gramado-Canela,Metropolitana,238961.0,326941.63,46113.72,56938.63,0.52,0.653,0.758
Alecrim,7045,5710,Santa Rosa,Noroeste,58429.0,118024.79,8293.73,19836.1,0.425,0.548,0.672
São Paulo das Missões,6367,5654,Cerro Largo,Noroeste,75343.0,161567.72,11833.38,27904.62,0.441,0.567,0.692
Sentinela do Sul,5197,5635,Camaquã,Metropolitana,47026.0,88503.39,9048.69,15857.98,0.375,0.56,0.671
Tucunduva,5901,5612,Santa Rosa,Noroeste,108793.0,224683.89,18436.29,39570.96,0.562,0.661,0.747
Itaara,5011,5573,Santa Maria,Centro Ocidental,50052.0,121755.63,9988.36,22141.41,0.45,0.607,0.76
Tiradentes do Sul,6461,5532,Três Passos,Noroeste,59616.0,137881.59,9227.0,24172.79,0.392,0.551,0.689
Chuvisca,4944,5518,Camaquã,Metropolitana,56075.0,114679.83,11342.05,21076.98,0.296,0.481,0.616
Tavares,5351,5484,Osório,Metropolitana,54752.0,91209.35,10232.18,16641.01,0.426,0.543,0.656
Nova Esperança do Sul,4671,5465,Santa Maria,Centro Ocidental,87917.0,130233.46,18821.8,24333.61,0.526,0.593,0.735
Gaurama,5862,5447,Erechim,Noroeste,98412.0,235797.31,16788.14,42608.84,0.498,0.662,0.738
Campinas do Sul,5509,5422,Erechim,Noroeste,105987.0,234089.81,19238.94,42920.76,0.528,0.665,0.76
Machadinho,5515,5411,Sananduva,Noroeste,74352.0,182901.66,13481.8,33590.76,0.454,0.571,0.692
São Martinho,5773,5336,Três Passos,Noroeste,94956.0,248926.46,16448.31,45876.61,0.47,0.638,0.726
Campina das Missões,6117,5325,Cerro Largo,Noroeste,68468.0,163029.42,11193.03,29782.5,0.515,0.607,0.738
Barracão,5355,5237,Sananduva,Noroeste,109024.0,208681.77,20359.27,39560.53,0.439,0.566,0.71
Sertão,6294,5220,Passo Fundo,Noroeste,129825.0,300642.97,20626.72,55520.4,0.495,0.684,0.751
São Nicolau,5727,5153,Santo Ângelo,Noroeste,60154.0,165033.39,10503.6,31345.37,0.393,0.517,0.645
Brochier,4677,5132,Montenegro,Metropolitana,53512.0,91523.9,11441.55,18037.82,0.471,0.566,0.699
Selbach,4929,5114,Não-Me-Toque,Noroeste,118424.0,232444.7,24026.07,45577.39,0.57,0.741,0.777
Liberato Salzano,5780,5087,Frederico Westphalen,Noroeste,56213.0,141939.38,9725.46,27196.66,0.363,0.521,0.685
Cacique Doble,4865,5083,Sananduva,Noroeste,59115.0,116287.94,12151.08,22959.12,0.424,0.576,0.662
Rondinha,5520,5033,Frederico Westphalen,Noroeste,85923.0,195427.01,15565.71,38094.93,0.494,0.65,0.764
Tupandi,3919,5019,Montenegro,Metropolitana,183648.0,498962.87,46860.87,102772.99,0.405,0.654,0.718
Aceguá,4394,4981,Campanha Meridional,Sudoeste,104476.0,252048.48,23776.87,51427.97,0.509,0.621,0.687
Harmonia,4254,4967,Montenegro,Metropolitana,64604.0,188532.06,15186.7,38744.77,0.541,0.663,0.749
Muçum,4791,4967,Lajeado-Estrela,Centro Oriental,187455.0,262853.8,39126.49,53058.9,0.549,0.641,0.746
Pinheirinho do Vale,4503,4926,Frederico Westphalen,Noroeste,44923.0,98658.21,9976.23,20254.2,0.375,0.53,0.71
São José do Hortêncio,4094,4924,Montenegro,Metropolitana,77234.0,127885.16,18865.22,26620.56,0.481,0.624,0.707
Miraguaí,4855,4899,Três Passos,Noroeste,55126.0,133820.24,11354.4,27171.62,0.412,0.584,0.725
Nova Araçá,4003,4890,Guaporé,Nordeste,139157.0,244027.74,34763.08,51277.1,0.58,0.732,0.785
Tabaí,4131,4816,Lajeado-Estrela,Centro Oriental,46205.0,102620.47,11184.83,21746.23,0.379,0.602,0.701
Caibaté,4954,4802,Cerro Largo,Noroeste,69305.0,183452.87,13989.61,37856.56,0.483,0.614,0.719
Capivari do Sul,3890,4793,Osório,Metropolitana,129264.0,212050.43,33229.71,45504.38,0.511,0.658,0.766
Erval Grande,5167,4780,Erechim,Noroeste,52431.0,109455.16,10147.2,22526.27,0.338,0.56,0.681
Mata,5111,4760,Santa Maria,Centro Ocidental,50652.0,116014.19,9910.38,24054.36,0.431,0.551,0.656
David Canabarro,4683,4732,Passo Fundo,Noroeste,72400.0,142913.12,15460.17,30150.45,0.499,0.629,0.762
Cerro Branco,4454,4720,Cachoeira do Sul,Centro Oriental,44613.0,75643.97,10016.39,16125.34,0.42,0.544,0.661
Humaitá,4919,4712,Três Passos,Noroeste,79617.0,164722.08,16185.52,34590.95,0.538,0.64,0.738
Riozinho,4327,4698,Gramado-Canela,Metropolitana,72344.0,130204.09,16719.17,27982.83,0.42,0.568,0.661
Ciríaco,4922,4693,Passo Fundo,Noroeste,78476.0,151032.69,15943.89,31816.45,0.446,0.595,0.719
Ibiaçá,4710,4690,Sananduva,Noroeste,99491.0,234068.64,21123.4,49706.65,0.484,0.677,0.739
Fazenda Vilanova,3697,4680,Lajeado-Estrela,Centro Oriental,117144.0,106462.04,31686.24,23486.0,0.429,0.548,0.698
Caiçara,5071,4659,Frederico Westphalen,Noroeste,51634.0,111997.74,10182.24,23613.27,0.471,0.612,0.699
Viadutos,5311,4628,Erechim,Noroeste,58802.0,148940.25,11071.66,31316.29,0.417,0.567,0.702
Mato Leitão,3869,4627,Santa Cruz do Sul,Centro Oriental,95302.0,170671.78,24632.33,37801.06,0.472,0.623,0.746
São João da Urtiga,4726,4625,Sananduva,Noroeste,61366.0,134737.23,12984.84,28932.19,0.428,0.572,0.694
Tunas,4395,4585,Soledade,Noroeste,41433.0,80847.31,9427.38,17694.75,0.319,0.484,0.657
Maçambará,4742,4539,Campanha Ocidental,Sudoeste,124070.0,284109.01,26164.05,61937.87,0.403,0.562,0.684
Vicente Dutra,5285,4530,Frederico Westphalen,Noroeste,46112.0,101317.8,8725.0,21695.46,0.358,0.489,0.638
Porto Lucena,5421,4514,Santa Rosa,Noroeste,53950.0,107581.86,9952.06,22997.4,0.437,0.578,0.693
Ibarama,4371,4393,Santa Cruz do Sul,Centro Oriental,45653.0,93934.48,10444.54,21319.67,0.369,0.528,0.652
Doutor Maurício Cardoso,5313,4380,Três Passos,Noroeste,87693.0,189360.67,16505.37,41626.88,0.482,0.65,0.706
Gramado Xavier,3970,4378,Santa Cruz do Sul,Centro Oriental,39746.0,87530.35,10011.56,20238.23,0.356,0.46,0.634
Vila Maria,4221,4368,Passo Fundo,Noroeste,113769.0,223200.53,26952.98,51216.28,0.464,0.662,0.761
Pinhal Grande,4471,4309,Santiago,Centro Ocidental,338627.0,760522.5,75738.53,174832.76,0.405,0.566,0.678
Vila Nova do Sul,4221,4274,Santa Maria,Centro Ocidental,46748.0,118499.3,11075.03,27686.75,0.379,0.565,0.662
Campo Novo,5459,4273,Três Passos,Noroeste,94139.0,230863.83,17244.76,51486.14,0.477,0.568,0.703
Maximiliano de Almeida,4907,4254,Sananduva,Noroeste,58587.0,110336.56,11939.58,25208.26,0.445,0.562,0.699
Fortaleza dos Valos,4577,4252,Cruz Alta,Noroeste,113383.0,314257.99,24772.34,72744.9,0.535,0.658,0.756
Novo Cabrais,3855,4246,Cachoeira do Sul,Centro Oriental,44736.0,94434.71,11604.75,22505.89,0.415,0.538,0.688
Marcelino Ramos,5134,4239,Erechim,Noroeste,58725.0,133230.77,11438.46,30265.96,0.478,0.631,0.724
Barra do Quaraí,4016,4238,Campanha Ocidental,Sudoeste,113516.0,171383.09,28265.96,40660.28,0.479,0.549,0.662
Três Palmeiras,4381,4232,Frederico Westphalen,Noroeste,64836.0,146281.96,14799.3,34250.05,0.388,0.594,0.703
Novo Barreiro,3978,4185,Carazinho,Noroeste,42423.0,98508.87,10664.52,23657.27,0.368,0.552,0.706
Ilópolis,4098,4054,Guaporé,Nordeste,61038.0,111995.96,14894.64,27463.45,0.471,0.613,0.73
Ibirapuitã,4061,3988,Soledade,Noroeste,51996.0,138430.03,12803.84,34495.4,0.417,0.527,0.638
Marques de Souza,4068,3981,Lajeado-Estrela,Centro Oriental,45269.0,97710.51,11128.11,24372.79,0.482,0.627,0.687
Pontão,3857,3898,Passo Fundo,Noroeste,110778.0,261272.91,28721.34,66924.41,0.373,0.585,0.725
Mariana Pimentel,3768,3892,Porto Alegre,Metropolitana,40072.0,80815.46,10634.78,20801.92,0.449,0.604,0.701
Pareci Novo,3511,3885,Montenegro,Metropolitana,49842.0,100308.69,14196.03,26142.48,0.478,0.66,0.749
São Pedro da Serra,3317,3881,Montenegro,Metropolitana,33053.0,82543.71,9964.73,21716.31,0.546,0.639,0.739
Putinga,4147,3861,Guaporé,Nordeste,53495.0,100933.7,12899.74,25754.96,0.444,0.577,0.715
Pejuçara,3973,3840,Ijuí,Noroeste,118717.0,242019.77,29880.98,62472.84,0.542,0.65,0.741
Cotiporã,3917,3824,Caxias do Sul,Nordeste,59293.0,157403.0,15137.25,40852.06,0.505,0.645,0.741
Quinze de Novembro,3653,3810,Cruz Alta,Noroeste,73118.0,157132.76,20015.84,41394.3,0.477,0.657,0.756
Capão do Cipó,3107,3745,Santiago,Centro Ocidental,129685.0,320739.94,41739.74,87849.89,0.383,0.561,0.672
Nova Roma do Sul,3347,3743,Caxias do Sul,Nordeste,65324.0,179724.29,19517.32,48718.97,0.533,0.677,0.741
Água Santa,3726,3738,Passo Fundo,Noroeste,100548.0,324140.44,26985.47,86483.57,0.448,0.63,0.75
Jaboticaba,4111,3738,Carazinho,Noroeste,56778.0,99686.11,13811.23,26164.33,0.414,0.51,0.658
Paim Filho,4243,3731,Sananduva,Noroeste,65457.0,123315.91,15427.14,32214.19,0.465,0.606,0.706
Nova Alvorada,3177,3698,Guaporé,Nordeste,70145.0,171529.77,22078.99,47318.56,0.455,0.566,0.74
Chiapetta,4044,3684,Ijuí,Noroeste,87422.0,203792.2,21617.79,54257.77,0.496,0.606,0.732
Estrela Velha,3628,3646,Santa Cruz do Sul,Centro Oriental,64587.0,133777.57,17802.32,36601.25,0.374,0.535,0.679
Jaquirana,4177,3611,Vacaria,Nordeste,39915.0,69997.13,9555.86,18836.69,0.363,0.47,0.614
Severiano de Almeida,3842,3607,Erechim,Noroeste,51093.0,107143.81,13298.51,29298.28,0.451,0.633,0.752
São José dos Ausentes,3290,3559,Vacaria,Nordeste,60491.0,116531.29,18386.26,33039.78,0.42,0.512,0.663
Arambaré,3693,3544,Camaquã,Metropolitana,66994.0,137617.22,18140.69,38429.83,0.348,0.56,0.691
Jacutinga,3630,3532,Erechim,Noroeste,68575.0,146256.89,18891.08,41071.86,0.508,0.62,0.726
Vale Verde,3253,3531,São Jerônimo,Metropolitana,40318.0,91130.17,12394.14,26059.53,0.403,0.549,0.646
Áurea,3665,3517,Erechim,Noroeste,47837.0,110150.91,13052.39,30993.5,0.408,0.582,0.707
Jari,3575,3472,Santiago,Centro Ocidental,74746.0,200188.12,20907.86,57147.62,0.273,0.516,0.631
Itacurubi,3441,3456,Santiago,Centro Ocidental,45254.0,100576.33,13151.27,29026.36,0.42,0.539,0.657
Dois Lajeados,3280,3410,Guaporé,Nordeste,56792.0,108556.04,17314.54,31928.25,0.513,0.694,0.757
Turuçu,3522,3408,Pelotas,Sudeste,42963.0,104929.69,12198.42,30520.56,0.352,0.528,0.629
Vila Flores,3207,3407,Caxias do Sul,Nordeste,87574.0,219572.62,27307.22,64866.36,0.563,0.621,0.742
Campestre da Serra,3247,3402,Vacaria,Nordeste,62159.0,153113.15,19143.36,45192.78,0.436,0.622,0.706
Nova Bréscia,3184,3345,Lajeado-Estrela,Centro Oriental,57241.0,119945.44,17977.76,36019.65,0.553,0.695,0.778
Esmeralda,3169,3291,Vacaria,Nordeste,93011.0,212061.79,29350.11,64613.59,0.478,0.538,0.68
Alegria,4301,3287,Ijuí,Noroeste,46637.0,110903.99,10843.38,32016.16,0.412,0.578,0.695
Campos Borges,3494,3272,Cruz Alta,Noroeste,51422.0,89035.0,14717.23,26817.77,0.428,0.56,0.708
Braga,3702,3271,Três Passos,Noroeste,47540.0,94482.03,12841.61,28178.36,0.375,0.553,0.674
Barra do Guarita,3089,3266,Três Passos,Noroeste,22755.0,46500.42,7366.44,14316.63,0.41,0.559,0.734
Monte Alegre dos Campos,3098,3237,Vacaria,Nordeste,31182.0,71696.86,10065.21,22224.69,0.305,0.462,0.65
Caseiros,3007,3228,Passo Fundo,Noroeste,53011.0,128011.62,17629.36,39978.64,0.415,0.59,0.703
Charrua,3471,3228,Passo Fundo,Noroeste,47096.0,92132.37,13568.33,28097.7,0.375,0.501,0.62
São Martinho da Serra,3201,3228,Santa Maria,Centro Ocidental,72328.0,187056.44,22595.39,57840.58,0.369,0.541,0.652
São Valentim,3632,3220,Erechim,Noroeste,56726.0,95507.96,15618.34,28950.58,0.458,0.544,0.72
Novo Machado,3927,3191,Santa Rosa,Noroeste,56117.0,133442.0,14289.93,40157.09,0.447,0.56,0.663
Muitos Capões,2977,3184,Vacaria,Nordeste,227908.0,420324.54,76556.19,132929.96,0.397,0.534,0.702
Ernestina,3088,3171,Passo Fundo,Noroeste,68798.0,145623.09,22279.07,45966.89,0.475,0.642,0.716
Itatiba do Sul,4171,3143,Erechim,Noroeste,37035.0,66105.57,8879.28,19887.36,0.374,0.533,0.681
Mormaço,2749,3139,Soledade,Noroeste,46599.0,100501.55,16951.17,32577.49,0.408,0.584,0.714
Imigrante,3025,3103,Lajeado-Estrela,Centro Oriental,109756.0,263562.6,36283.02,84475.19,0.514,0.69,0.743
São Domingos do Sul,2926,3091,Passo Fundo,Noroeste,33589.0,71561.55,11479.33,23279.62,0.568,0.69,0.763
Colorado,3550,3088,Não-Me-Toque,Noroeste,86792.0,194488.44,24448.47,61256.2,0.548,0.665,0.758
Taquaruçu do Sul,2970,3081,Frederico Westphalen,Noroeste,38975.0,128008.93,13122.73,41669.57,0.435,0.588,0.739
Tio Hugo,2724,3078,Não-Me-Toque,Noroeste,54105.0,112827.56,19862.23,37236.82,0.428,0.595,0.742
Pinto Bandeira,,3068,Caxias do Sul,Nordeste,,57446.57,,19129.73,,,
Vitória das Missões,3485,3052,Santo Ângelo,Noroeste,41305.0,96830.25,11852.36,30906.56,0.432,0.556,0.655
Westfália,2793,3046,Lajeado-Estrela,Centro Oriental,67026.0,184658.73,23997.78,61267.0,0.564,0.68,0.752
Alto Feliz,2908,3043,Montenegro,Metropolitana,36097.0,119778.97,12413.15,39557.12,0.5,0.64,0.734
Herveiras,2954,3019,Santa Cruz do Sul,Centro Oriental,34770.0,55510.24,11770.35,18393.05,0.299,0.441,0.616
Dilermando de Aguiar,3064,2991,Santa Maria,Centro Ocidental,53182.0,144126.65,17356.99,47819.06,0.411,0.558,0.648
Erebango,2970,2978,Erechim,Noroeste,46476.0,123425.69,15648.48,41265.69,0.459,0.606,0.712
Presidente Lucena,2485,2972,Gramado-Canela,Metropolitana,35205.0,165355.87,14167.1,56999.61,0.455,0.621,0.757
Arroio do Padre,2730,2966,Pelotas,Sudeste,27190.0,56784.28,9959.71,19334.11,0.319,0.56,0.669
Mampituba,2997,2965,Osório,Metropolitana,24519.0,59107.78,8181.12,19828.17,0.372,0.518,0.649
Dona Francisca,3401,2958,Restinga Seca,Centro Ocidental,36876.0,76373.93,10842.83,25114.74,0.479,0.605,0.697
São Pedro do Butiá,2873,2950,Cerro Largo,Noroeste,49810.0,111739.36,17337.22,37916.31,0.553,0.666,0.763
Lagoa Bonita do Sul,2662,2939,Santa Cruz do Sul,Centro Oriental,29701.0,57274.38,11157.3,19729.38,0.339,0.533,0.67
Morrinhos do Sul,3185,2891,Osório,Metropolitana,35750.0,57859.9,11224.56,19620.18,0.397,0.593,0.711
Sede Nova,3011,2875,Três Passos,Noroeste,49861.0,118325.94,16559.72,40703.8,0.451,0.571,0.712
Centenário,2967,2865,Erechim,Noroeste,31709.0,83040.44,10687.21,28723.78,0.39,0.545,0.701
Vista Gaúcha,2759,2858,Três Passos,Noroeste,36629.0,72247.66,13276.35,25341.16,0.461,0.619,0.757
Garruchos,3233,2851,Campanha Ocidental,Sudoeste,60232.0,133679.2,18630.46,45717.92,0.252,0.549,0.671
Esperança do Sul,3272,2846,Três Passos,Noroeste,35742.0,82389.52,10923.64,28157.73,0.398,0.498,0.661
Cristal do Sul,2826,2840,Frederico Westphalen,Noroeste,30002.0,66115.61,10616.42,23222.91,0.315,0.516,0.66
Victor Graeff,3036,2840,Não-Me-Toque,Noroeste,73928.0,166454.56,24350.4,57756.61,0.516,0.664,0.777
São Jorge,2774,2808,Guaporé,Nordeste,43726.0,90077.74,15762.72,31897.22,0.506,0.629,0.732
Quevedos,2710,2793,Santiago,Centro Ocidental,58505.0,168912.18,21588.5,60585.43,0.343,0.491,0.665
Boa Vista do Sul,2778,2773,Caxias do Sul,Nordeste,43793.0,86941.37,15764.25,31240.16,0.491,0.655,0.728
Capitão,2636,2770,Lajeado-Estrela,Centro Oriental,35820.0,76519.57,13588.83,27754.65,0.398,0.614,0.746
Senador Salgado Filho,2814,2761,Santo Ângelo,Noroeste,43134.0,93199.95,15328.22,33537.23,0.393,0.59,0.693
Toropi,2952,2753,Santa Maria,Centro Ocidental,32495.0,69856.84,11007.95,24895.52,0.368,0.52,0.683
Camargo,2591,2750,Passo Fundo,Noroeste,52327.0,167906.07,20195.55,61436.54,0.457,0.661,0.736
Fagundes Varela,2579,2750,Caxias do Sul,Nordeste,40801.0,88334.08,15820.53,32344.96,0.473,0.633,0.763
Salvador das Missões,2669,2734,Cerro Largo,Noroeste,59579.0,135111.56,22322.59,49437.09,0.518,0.655,0.753
São Valério do Sul,2647,2732,Ijuí,Noroeste,27286.0,58751.88,10308.38,21544.51,0.431,0.532,0.642
Coxilha,2826,2731,Passo Fundo,Noroeste,96160.0,220346.1,34026.72,79951.42,0.415,0.594,0.706
Vista Alegre,2832,2726,Frederico Westphalen,Noroeste,39384.0,94228.38,13906.79,34239.96,0.452,0.632,0.739
Entre Rios do Sul,3080,2724,Erechim,Noroeste,308157.0,222559.22,100050.88,79713.19,0.382,0.595,0.703
Derrubadas,3190,2718,Três Passos,Noroeste,44273.0,96426.95,13878.73,34376.81,0.361,0.573,0.707
Jacuizinho,2507,2718,Cruz Alta,Noroeste,38898.0,116542.11,15515.93,43292.02,0.344,0.466,0.662
Maratá,2527,2713,Montenegro,Metropolitana,53775.0,76739.27,21280.08,28517.01,0.474,0.591,0.697
Nova Candelária,2751,2677,Três Passos,Noroeste,63604.0,165542.04,23120.2,61357.32,0.385,0.603,0.759
Três Forquilhas,2912,2643,Osório,Metropolitana,27446.0,58031.23,9425.06,21516.96,0.378,0.541,0.662
Boa Vista do Incra,2425,2628,Cruz Alta,Noroeste,72654.0,171969.34,29960.3,66065.82,0.486,0.643,0.731
Três Arroios,2855,2620,Erechim,Noroeste,38522.0,96436.67,13492.97,36145.68,0.482,0.637,0.791
Sagrada Família,2595,2601,Carazinho,Noroeste,25367.0,62337.58,9775.44,23893.28,0.327,0.541,0.678
Saldanha Marinho,2869,2596,Cruz Alta,Noroeste,64711.0,151579.49,22555.2,57199.81,0.508,0.689,0.762
Santa Margarida do Sul,2352,2593,Campanha Central,Sudoeste,91181.0,184221.81,38767.43,71905.47,0.426,0.526,0.663
Pinhal,2515,2581,Carazinho,Noroeste,35759.0,85320.95,14218.32,33082.96,0.403,0.628,0.72
Rio dos Índios,3616,2571,Frederico Westphalen,Noroeste,39770.0,87089.35,10998.46,31645.84,0.327,0.512,0.656
Lajeado do Bugre,2487,2569,Carazinho,Noroeste,23662.0,55431.83,9514.09,21619.28,0.233,0.504,0.613
Barra Funda,2367,2563,Carazinho,Noroeste,73415.0,131846.58,31016.16,51928.55,0.501,0.666,0.763
Nova Pádua,2445,2563,Caxias do Sul,Nordeste,39163.0,71255.18,16017.64,27910.37,0.525,0.688,0.761
Mato Castelhano,2470,2543,Passo Fundo,Noroeste,52401.0,94006.55,21215.09,37010.45,0.434,0.665,0.727
São João do Polêsine,2635,2535,Restinga Seca,Centro Ocidental,29942.0,87156.46,11363.18,34152.22,0.499,0.686,0.748
Coronel Barros,2459,2521,Ijuí,Noroeste,46138.0,125302.34,18762.81,49742.89,0.451,0.612,0.744
Dom Pedro de Alcântara,2550,2520,Osório,Metropolitana,42203.0,58980.64,16550.03,23275.71,0.395,0.572,0.691
Monte Belo do Sul,2670,2514,Caxias do Sul,Nordeste,74077.0,74271.53,27744.01,29148.95,0.498,0.629,0.752
São José das Missões,2720,2491,Carazinho,Noroeste,30873.0,61502.78,11350.49,24242.32,0.326,0.54,0.651
Boa Vista do Cadeado,2441,2466,Cruz Alta,Noroeste,93827.0,251620.14,38437.75,101870.5,0.411,0.585,0.703
Colinas,2420,2466,Lajeado-Estrela,Centro Oriental,34201.0,65607.68,14132.77,26910.45,0.535,0.625,0.765
São José do Sul,2082,2464,Montenegro,Metropolitana,30467.0,65408.16,14633.55,27162.86,0.416,0.576,0.725
Forquetinha,2473,2389,Lajeado-Estrela,Centro Oriental,38520.0,46151.27,15576.38,19134.03,0.467,0.553,0.683
Itati,2589,2377,Osório,Metropolitana,34599.0,76101.08,13363.67,31459.73,0.397,0.554,0.669
Silveira Martins,2452,2365,Restinga Seca,Centro Ocidental,25083.0,59026.88,10229.64,24759.6,0.502,0.652,0.742
Porto Mauá,2544,2332,Santa Rosa,Noroeste,27848.0,64929.06,10946.54,27350.07,0.474,0.593,0.698
Dezesseis de Novembro,2866,2331,Santo Ângelo,Noroeste,23041.0,43125.51,8039.35,17769.06,0.408,0.529,0.654
Travesseiro,2314,2331,Lajeado-Estrela,Centro Oriental,44431.0,61530.94,19201.0,26340.3,0.44,0.569,0.701
Eugênio de Castro,2797,2310,Santo Ângelo,Noroeste,91912.0,210951.12,32861.0,88043.04,0.469,0.621,0.712
Unistalda,2453,2306,Santiago,Centro Ocidental,29289.0,72199.69,11940.27,30880.96,0.376,0.552,0.649
Paulo Bento,2196,2303,Erechim,Noroeste,46621.0,102861.09,21229.79,44858.74,0.407,0.608,0.71
São Vendelino,1944,2288,Montenegro,Metropolitana,32137.0,87940.44,16531.63,39206.62,0.509,0.655,0.754
Santo Expedito do Sul,2461,2287,Sananduva,Noroeste,34997.0,73893.84,14220.66,31795.97,0.379,0.627,0.732
Cerro Grande,2417,2281,Carazinho,Noroeste,28000.0,55883.62,11584.75,24181.58,0.388,0.557,0.674
Rolador,2546,2270,Santo Ângelo,Noroeste,44485.0,105953.02,17472.49,45610.42,0.366,0.583,0.689
Coqueiros do Sul,2457,2267,Carazinho,Noroeste,54683.0,108687.99,22256.09,47132.69,0.422,0.601,0.746
Faxinalzinho,2567,2256,Erechim,Noroeste,28685.0,61133.61,11174.38,26407.61,0.408,0.574,0.666
São Valentim do Sul,2168,2248,Guaporé,Nordeste,38531.0,60817.4,17772.37,27126.41,0.502,0.671,0.764
Inhacorá,2267,2207,Ijuí,Noroeste,31648.0,68317.39,13960.47,30690.65,0.369,0.554,0.673
Pirapó,2757,2205,Santo Ângelo,Noroeste,28364.0,65373.85,10288.06,28374.07,0.391,0.531,0.669
Nova Ramada,2437,2195,Ijuí,Noroeste,48522.0,144852.69,19910.66,64608.69,0.416,0.576,0.742
Novo Tiradentes,2277,2189,Frederico Westphalen,Noroeste,25033.0,52360.62,10993.7,23681.87,0.406,0.538,0.676
Vanini,1984,2130,Passo Fundo,Noroeste,30731.0,64539.6,15489.55,30544.06,0.563,0.673,0.757
Santo Antônio do Palma,2139,2118,Passo Fundo,Noroeste,35973.0,74847.31,16817.61,35172.61,0.453,0.667,0.764
Poço das Antas,2017,2105,Montenegro,Metropolitana,26794.0,94505.83,13284.07,45045.68,0.489,0.645,0.744
Bozano,2200,2099,Ijuí,Noroeste,38632.0,131081.9,17560.01,61743.71,0.447,0.615,0.745
Boa Vista das Missões,2114,2087,Carazinho,Noroeste,74989.0,147387.32,35472.58,70251.35,0.34,0.605,0.676
Vila Lângaro,2152,2070,Passo Fundo,Noroeste,43271.0,107801.9,20107.4,51555.19,0.412,0.616,0.705
Relvado,2155,2068,Lajeado-Estrela,Centro Oriental,30884.0,53599.75,14331.52,25645.81,0.406,0.588,0.731
São José do Inhacorá,2200,2040,Santa Rosa,Noroeste,37786.0,106788.46,17175.5,51513.97,0.441,0.602,0.747
Itapuca,2337,2037,Guaporé,Nordeste,29266.0,59161.49,12522.81,28252.86,0.377,0.495,0.664
Gramado dos Loureiros,2269,2036,Frederico Westphalen,Noroeste,23739.0,57142.64,10462.52,27446.03,0.336,0.573,0.685
São Pedro das Missões,1886,2025,Carazinho,Noroeste,24120.0,71413.2,12788.91,35546.64,0.398,0.471,0.664
Santo Antônio do Planalto,1987,2018,Carazinho,Noroeste,53061.0,112621.77,26704.22,55780.97,0.51,0.693,0.759
Dois Irmãos das Missões,2157,1992,Frederico Westphalen,Noroeste,56592.0,115139.07,26236.62,56830.73,0.363,0.559,0.67
Mariano Moro,2210,1987,Erechim,Noroeste,25666.0,54807.18,11613.56,26985.32,0.483,0.656,0.73
Doutor Ricardo,2030,1967,Lajeado Estrela,Centro Oriental,30806.0,54932.71,15175.21,27701.82,0.405,0.575,0.724
Ubiretama,2296,1952,Santo Ângelo,Noroeste,28613.0,65642.16,12461.99,32576.75,0.432,0.554,0.7
Almirante Tamandaré do Sul,2062,1935,Carazinho,Noroeste,60757.0,163168.7,29465.19,83079.79,0.491,0.601,0.74
Sete de Setembro,2126,1931,Cerro Largo,Noroeste,34429.0,67670.59,16194.11,34350.55,0.389,0.532,0.683
Protásio Alves,2000,1929,Guaporé,Nordeste,27191.0,60884.41,13595.67,31270.88,0.423,0.636,0.733
Pedras Altas,2218,1928,Jaguarão,Sudeste,39314.0,167556.49,17725.13,84539.1,0.372,0.482,0.64
Benjamin Constant do Sul,2307,1924,Erechim,Noroeste,16712.0,35303.16,7243.85,17704.69,0.312,0.45,0.619
São José do Herval,2204,1917,Soledade,Noroeste,26427.0,49652.06,11990.34,25191.31,0.407,0.555,0.717
Muliterno,1813,1901,Passo Fundo,Noroeste,27280.0,51695.95,15046.7,27309.01,0.404,0.598,0.689
Pinhal da Serra,2130,1896,Vacaria,Nordeste,319504.0,220385.09,150002.08,113542.03,0.278,0.512,0.65
Sério,2281,1889,Lajeado-Estrela,Centro Oriental,25258.0,48134.13,11073.19,24533.2,0.367,0.522,0.652
Ipiranga do Sul,1944,1871,Erechim,Noroeste,51188.0,106833.78,26331.15,56555.73,0.488,0.673,0.791
Quatro Irmãos,1778,1860,Erechim,Noroeste,47980.0,114378.49,26985.49,61859.65,0.33,0.504,0.689
Bom Progresso,2328,1858,Três Passos,Noroeste,32038.0,61745.88,13761.86,31795.0,0.407,0.566,0.723
Ivorá,2156,1854,Restinga Seca,Centro Ocidental,31950.0,52709.19,14819.0,27596.44,0.512,0.637,0.724
Vespasiano Corrêa,1974,1776,Lajeado-Estrela,Centro Oriental,34526.0,69771.07,17490.48,38441.36,0.43,0.639,0.723
Cruzaltense,2141,1765,Erechim,Noroeste,35045.0,88539.42,16368.3,48303.01,0.356,0.582,0.719
Nova Boa Vista,1960,1731,Carazinho,Noroeste,33781.0,100648.74,17235.44,56703.51,0.509,0.64,0.768
Linha Nova,1624,1724,Montenegro,Metropolitana,24368.0,54922.69,15004.92,32043.58,0.475,0.611,0.749
Santa Tereza,1717,1722,Caxias do Sul,Nordeste,23491.0,41505.74,13681.52,24005.63,0.461,0.611,0.746
Floriano Peixoto,2018,1709,Erechim,Noroeste,31201.0,61448.17,15461.27,34795.11,0.347,0.532,0.663
Novo Xingu,1757,1705,Frederico Westphalen,Noroeste,25962.0,58657.9,14776.13,34123.27,0.412,0.585,0.767
Canudos do Vale,1807,1693,Lajeado-Estrela,Centro Oriental,22345.0,49434.96,12365.97,28808.25,0.391,0.556,0.713
Nicolau Vergueiro,1721,1667,Passo Fundo,Noroeste,43769.0,88316.75,25432.56,52506.99,0.41,0.676,0.753
Santa Cecília do Sul,1655,1630,Passo Fundo,Noroeste,35138.0,83321.91,21231.17,50837.04,0.372,0.529,0.725
Capão Bonito do Sul,1753,1628,Vacaria,Nordeste,84105.0,191738.38,47977.98,115924.05,0.442,0.531,0.637
Barra do Rio Azul,2003,1621,Erechim,Noroeste,27049.0,53528.32,13504.1,31673.56,0.443,0.561,0.723
Gentil,1677,1619,Passo Fundo,Noroeste,49233.0,111711.1,29357.76,68366.64,0.41,0.628,0.733
Mato Queimado,1799,1611,Cerro Largo,Noroeste,27643.0,55296.78,15365.85,33553.87,0.461,0.617,0.717
Lagoa dos Três Cantos,1598,1604,Não-Me-Toque,Noroeste,40528.0,91358.7,25361.39,56779.8,0.566,0.664,0.789
Coronel Pilar,1725,1602,Caxias do Sul,Nordeste,24512.0,42369.88,14210.02,26025.73,0.519,0.602,0.727
Alto Alegre,1848,1590,Cruz Alta,Noroeste,29527.0,61914.47,15977.96,37798.82,0.567,0.662,0.747
Pouso Novo,1875,1586,Lajeado-Estrela,Centro Oriental,28794.0,47429.2,15356.72,28937.89,0.497,0.625,0.715
Vista Alegre do Prata,1569,1553,Guaporé,Nordeste,34646.0,56295.73,22081.68,36063.89,0.437,0.689,0.78
Ponte Preta,1750,1501,Erechim,Noroeste,26064.0,59528.08,14893.8,38479.69,0.336,0.56,0.725
Coqueiro Baixo,1528,1490,Lajeado-Estrela,Centro Oriental,21570.0,39763.61,14116.2,26491.41,0.385,0.582,0.692
Guabiju,1598,1478,Guaporé,Nordeste,31262.0,72220.62,19563.42,48050.98,0.489,0.674,0.758
Tupanci do Sul,1574,1447,Sananduva,Noroeste,25546.0,58305.42,16229.73,39609.66,0.401,0.57,0.694
Montauri,1542,1430,Guaporé,Nordeste,33903.0,59452.08,21986.41,40916.78,0.484,0.608,0.764
André da Rocha,1216,1351,Guaporé,Nordeste,35657.0,106411.87,29323.36,79828.86,0.504,0.591,0.72
Carlos Gomes,1607,1327,Erechim,Noroeste,19432.0,43952.84,12092.12,31919.27,0.423,0.596,0.739
Porto Vera Cruz,1852,1258,Santa Rosa,Noroeste,18369.0,34473.15,9918.21,25347.9,0.406,0.544,0.69
União da Serra,1487,1084,Guaporé,Nordeste,30784.0,53079.97,20702.29,45996.51,0.401,0.664,0.733
Engenho Velho,1530,932,Frederico Westphalen,Noroeste,28613.0,54558.7,18701.43,52764.7,0.353,0.533,0.717
